{
	"IcoMoonType": "selection",
	"icons": [
		{
			"icon": {
				"paths": [
					"M514.381 1024c-9.526 0-19.051-4.763-28.577-9.526l-476.279-476.279c-14.288-14.288-14.288-38.102 0-52.391l476.279-476.279c14.288-14.288 38.102-14.288 52.391 0l161.935 161.935c9.526 9.526 14.288 19.051 14.288 28.577s-4.763 19.051-9.526 28.577l-285.767 285.767 285.767 285.767c9.526 9.526 9.526 19.051 9.526 28.577s-4.763 19.051-9.526 28.577l-161.935 161.935c-9.526-0-19.051 4.763-28.577 4.763zM52.391 509.619l461.991 461.991 147.647-147.647-309.581-309.581 309.581-309.581-147.647-147.647-461.991 452.465z"
				],
				"attrs": [
					{
						"fill": "rgb(223,223,223)",
						"opacity": 1
					}
				],
				"isMulticolor": false,
				"width": 714,
				"grid": 0,
				"tags": [
					"back-arrow"
				],
				"colorPermutations": {
					"11312021223223223125022020912552552551511562131": [
						3
					]
				}
			},
			"attrs": [
				{
					"fill": "rgb(223,223,223)",
					"opacity": 1
				}
			],
			"properties": {
				"order": 1,
				"id": 26,
				"prevSize": 32,
				"name": "back-arrow",
				"code": 58880
			},
			"setIdx": 0,
			"setId": 2,
			"iconIdx": 0
		},
		{
			"icon": {
				"paths": [
					"M514.381 1024c-9.526 0-19.051-4.763-28.577-9.526l-476.279-476.279c-14.288-14.288-14.288-38.102 0-52.391l476.279-476.279c14.288-14.288 38.102-14.288 52.391 0l161.935 161.935c9.526 9.526 14.288 19.051 14.288 28.577s-4.763 19.051-9.526 28.577l-285.767 285.767 285.767 285.767c9.526 9.526 9.526 19.051 9.526 28.577s-4.763 19.051-9.526 28.577l-161.935 161.935c-9.526-0-19.051 4.763-28.577 4.763zM52.391 509.619l461.991 461.991 147.647-147.647-309.581-309.581 309.581-309.581-147.647-147.647-461.991 452.465z"
				],
				"attrs": [
					{
						"fill": "rgb(51,156,213)",
						"opacity": 1
					}
				],
				"isMulticolor": false,
				"width": 714,
				"grid": 0,
				"tags": [
					"back-arrow-active"
				],
				"colorPermutations": {
					"11312021223223223125022020912552552551511562131": [
						2
					]
				}
			},
			"attrs": [
				{
					"fill": "rgb(51,156,213)",
					"opacity": 1
				}
			],
			"properties": {
				"order": 3,
				"id": 25,
				"prevSize": 32,
				"name": "back-arrow-active",
				"code": 58881
			},
			"setIdx": 0,
			"setId": 2,
			"iconIdx": 1
		},
		{
			"icon": {
				"paths": [
					"M960 761.6c-140.8 249.6-448 339.2-697.6 198.4-12.8-6.4-19.2-12.8-32-19.2l-160 57.6 44.8-160c-134.4-160-160-390.4-57.6-576 147.2-243.2 454.4-332.8 704-198.4s332.8 448 198.4 697.6zM729.6 121.6c-217.6-121.6-492.8-44.8-614.4 172.8s-44.8 492.8 172.8 608c217.6 121.6 492.8 44.8 614.4-172.8s44.8-492.8-172.8-608zM320 640h384v64h-384v-64zM320 480h384v64h-384v-64zM320 320h384v64h-384v-64z"
				],
				"attrs": [
					{
						"fill": "rgb(0,131,202)",
						"opacity": 1
					}
				],
				"isMulticolor": false,
				"grid": 0,
				"tags": [
					"chat"
				],
				"colorPermutations": {
					"11312021223223223125022020912552552551511562131": [
						1
					]
				}
			},
			"attrs": [
				{
					"fill": "rgb(0,131,202)",
					"opacity": 1
				}
			],
			"properties": {
				"order": 4,
				"id": 24,
				"prevSize": 32,
				"name": "chat",
				"code": 58882
			},
			"setIdx": 0,
			"setId": 2,
			"iconIdx": 2
		},
		{
			"icon": {
				"paths": [
					"M1024 1024h-1024v-1024h1024v1024zM39.385 984.615h945.231v-945.231h-945.231v945.231z"
				],
				"attrs": [
					{
						"fill": "#000",
						"opacity": 1
					}
				],
				"isMulticolor": false,
				"grid": 0,
				"tags": [
					"checkbox"
				],
				"colorPermutations": {
					"11312021223223223125022020912552552551511562131": [
						0
					]
				}
			},
			"attrs": [
				{
					"fill": "#000",
					"opacity": 1
				}
			],
			"properties": {
				"order": 5,
				"id": 23,
				"prevSize": 32,
				"name": "checkbox",
				"code": 58883
			},
			"setIdx": 0,
			"setId": 2,
			"iconIdx": 3
		},
		{
			"icon": {
				"paths": [
					"M1339.077 118.154l-105.026-91.897c-26.256-26.256-65.641-26.256-91.897 0l-485.744 472.615-236.308-236.308c-26.256-26.256-78.769-26.256-105.026 0l-91.897 91.897c-26.256 26.256-26.256 65.641 0 91.897l288.821 288.821c0 0 0 0 0 13.128l91.897 91.897c13.128 13.128 39.385 26.256 52.513 26.256s39.385 0 52.513-26.256l91.897-91.897c0 0 0 0 0-13.128l525.128-525.128c39.385-26.256 39.385-65.641 13.128-91.897z",
					"M984.615 643.282v341.333h-945.231v-945.231h945.231v52.513l39.385-39.385v-52.513h-1024v1024h1024v-433.231z"
				],
				"attrs": [
					{
						"fill": "rgb(0,131,202)",
						"opacity": 1
					},
					{
						"fill": "#000",
						"opacity": 1
					}
				],
				"isMulticolor": true,
				"width": 1352,
				"grid": 0,
				"tags": [
					"checkbox-ticked"
				],
				"colorPermutations": {
					"11312021223223223125022020912552552551511562131": [
						1,
						0
					]
				}
			},
			"attrs": [
				{
					"fill": "rgb(0,131,202)",
					"opacity": 1
				},
				{
					"fill": "#000",
					"opacity": 1
				}
			],
			"properties": {
				"order": 6,
				"id": 22,
				"prevSize": 32,
				"name": "checkbox-ticked",
				"code": 58884,
				"codes": [
					58884,
					58885
				]
			},
			"setIdx": 0,
			"setId": 2,
			"iconIdx": 4
		},
		{
			"icon": {
				"paths": [
					"M618.82 508.317l383.079 383.079-95.77 95.77-383.079-383.079-419.914 419.914-103.137-110.504 419.914-419.914-375.712-368.345 95.77-95.77 375.712 375.712 397.813-405.18 103.137 103.137-397.813 405.18z"
				],
				"attrs": [
					{
						"fill": "rgb(250,220,209)",
						"opacity": 1
					}
				],
				"isMulticolor": false,
				"grid": 0,
				"tags": [
					"close"
				],
				"colorPermutations": {
					"11312021223223223125022020912552552551511562131": [
						4
					]
				}
			},
			"attrs": [
				{
					"fill": "rgb(250,220,209)",
					"opacity": 1
				}
			],
			"properties": {
				"order": 7,
				"id": 21,
				"prevSize": 32,
				"name": "close",
				"code": 58886
			},
			"setIdx": 0,
			"setId": 2,
			"iconIdx": 5
		},
		{
			"icon": {
				"paths": [
					"M794.819 409.6c-39.010 0-73.143 19.505-92.648 53.638h-482.743c-29.257 0-53.638 24.381-53.638 53.638s24.381 53.638 53.638 53.638h482.743c19.505 29.257 53.638 53.638 92.648 53.638 58.514 0 102.4-48.762 102.4-102.4s-43.886-112.152-102.4-112.152zM692.419 541.257h-472.99c-19.505 0-29.257-14.629-29.257-29.257s14.629-29.257 29.257-29.257h472.99c-4.876 9.752-4.876 19.505-4.876 29.257s4.876 19.505 4.876 29.257zM794.819 594.895c-43.886 0-82.895-39.010-82.895-82.895s39.010-82.895 82.895-82.895c43.886 0 82.895 39.010 82.895 82.895s-39.010 82.895-82.895 82.895zM229.181 365.714c39.010 0 73.143-19.505 92.648-53.638h482.743c29.257 0 53.638-24.381 53.638-53.638s-24.381-53.638-53.638-53.638h-482.743c-19.505-29.257-53.638-48.762-92.648-48.762-58.514 0-102.4 48.762-102.4 102.4s43.886 107.276 102.4 107.276zM331.581 229.181h472.99c19.505 0 29.257 14.629 29.257 29.257s-9.752 34.133-29.257 34.133h-472.99c4.876-9.752 4.876-19.505 4.876-29.257 0-14.629-4.876-24.381-4.876-34.133zM229.181 175.543c43.886 0 82.895 39.010 82.895 82.895s-34.133 87.771-82.895 87.771-82.895-39.010-82.895-82.895 39.010-87.771 82.895-87.771zM804.571 711.924h-482.743c0-4.876-4.876-9.752-4.876-9.752s0 0 0 0c-9.752-9.752-14.629-14.629-24.381-19.505 0 0 0 0 0 0-4.876 0-4.876-4.876-9.752-4.876 0 0 0 0 0 0-4.876-4.876-14.629-9.752-24.381-9.752 0 0 0 0-4.876 0s-4.876 0-9.752 0c0 0 0 0-4.876 0s-9.752 0-14.629 0c-58.514 0-102.4 48.762-102.4 102.4s48.762 102.4 102.4 102.4c4.876 0 9.752 0 14.629 0 0 0 0 0 4.876 0s4.876 0 9.752 0c0 0 0 0 4.876 0 9.752 0 14.629-4.876 24.381-9.752 0 0 0 0 0 0 4.876 0 4.876-4.876 9.752-4.876 0 0 0 0 0 0 4.876-4.876 14.629-9.752 19.505-19.505 0 0 0 0 0 0 4.876-4.876 4.876-4.876 4.876-9.752h482.743c29.257 0 53.638-24.381 53.638-53.638s-19.505-63.39-48.762-63.39zM229.181 848.457c-43.886 0-82.895-39.010-82.895-82.895s39.010-82.895 82.895-82.895 82.895 39.010 82.895 82.895-34.133 82.895-82.895 82.895zM804.571 794.819h-472.99c0-4.876 0-9.752 4.876-14.629 0 0 0 0 0-4.876s0-9.752 0-14.629c0-4.876 0-9.752 0-14.629 0 0 0 0 0-4.876s0-9.752-4.876-14.629h472.99c19.505 0 29.257 14.629 29.257 29.257s-9.752 39.010-29.257 39.010z",
					"M941.105 0h-858.21c-43.886 0-82.895 39.010-82.895 82.895v858.21c0 43.886 39.010 82.895 82.895 82.895h858.21c43.886 0 82.895-39.010 82.895-82.895v-858.21c0-43.886-39.010-82.895-82.895-82.895zM980.114 941.105c0 24.381-19.505 43.886-43.886 43.886h-853.333c-24.381 0-43.886-19.505-43.886-43.886v-858.21c0-24.381 19.505-43.886 43.886-43.886h858.21c24.381 0 43.886 19.505 43.886 43.886v858.21z"
				],
				"attrs": [
					{
						"fill": "rgb(255,255,255)",
						"opacity": 1
					},
					{
						"fill": "rgb(255,255,255)",
						"opacity": 1
					}
				],
				"isMulticolor": false,
				"grid": 0,
				"tags": [
					"control-panel"
				],
				"colorPermutations": {
					"11312021223223223125022020912552552551511562131": [
						5,
						5
					]
				}
			},
			"attrs": [
				{
					"fill": "rgb(255,255,255)",
					"opacity": 1
				},
				{
					"fill": "rgb(255,255,255)",
					"opacity": 1
				}
			],
			"properties": {
				"order": 8,
				"id": 20,
				"prevSize": 32,
				"name": "cpanel",
				"code": 58887
			},
			"setIdx": 0,
			"setId": 2,
			"iconIdx": 6
		},
		{
			"icon": {
				"paths": [
					"M1159.711 1024h-1024c-74.024 0-135.711-61.687-135.711-135.711v-752.578c0-74.024 61.687-135.711 135.711-135.711h1024c74.024 0 135.711 61.687 135.711 135.711v752.578c0 74.024-61.687 135.711-135.711 135.711zM135.711 55.518c-43.181 0-80.193 37.012-80.193 80.193v752.578c0 43.181 37.012 80.193 80.193 80.193h1024c43.181 0 80.193-37.012 80.193-80.193v-752.578c0-43.181-37.012-80.193-80.193-80.193h-1024z",
					"M1270.747 320.771h-1246.072c-12.337 0-24.675-6.169-24.675-24.675s12.337-24.675 24.675-24.675h1239.904c12.337 0 24.675 12.337 24.675 24.675s-6.169 24.675-18.506 24.675z",
					"M271.422 160.386c0 30.662-24.856 55.518-55.518 55.518s-55.518-24.856-55.518-55.518c0-30.662 24.856-55.518 55.518-55.518s55.518 24.856 55.518 55.518z",
					"M431.807 160.386c0 30.662-24.856 55.518-55.518 55.518s-55.518-24.856-55.518-55.518c0-30.662 24.856-55.518 55.518-55.518s55.518 24.856 55.518 55.518z",
					"M592.193 160.386c0 30.662-24.856 55.518-55.518 55.518s-55.518-24.856-55.518-55.518c0-30.662 24.856-55.518 55.518-55.518s55.518 24.856 55.518 55.518z",
					"M943.807 536.675l92.53 86.361-92.53 86.361v-67.855h-660.048v-49.349h653.88v-55.518zM894.458 437.976v111.036h-653.88v135.711h653.88v123.373l209.735-185.060-209.735-185.060z"
				],
				"attrs": [
					{
						"fill": "rgb(255,255,255)",
						"opacity": 1
					},
					{
						"fill": "rgb(255,255,255)",
						"opacity": 1
					},
					{
						"fill": "rgb(255,255,255)",
						"opacity": 1
					},
					{
						"fill": "rgb(255,255,255)",
						"opacity": 1
					},
					{
						"fill": "rgb(255,255,255)",
						"opacity": 1
					},
					{
						"fill": "rgb(255,255,255)",
						"opacity": 1
					}
				],
				"isMulticolor": false,
				"width": 1295,
				"grid": 0,
				"tags": [
					"domain-forwarding"
				],
				"colorPermutations": {
					"11312021223223223125022020912552552551511562131": [
						5,
						5,
						5,
						5,
						5,
						5
					]
				}
			},
			"attrs": [
				{
					"fill": "rgb(255,255,255)",
					"opacity": 1
				},
				{
					"fill": "rgb(255,255,255)",
					"opacity": 1
				},
				{
					"fill": "rgb(255,255,255)",
					"opacity": 1
				},
				{
					"fill": "rgb(255,255,255)",
					"opacity": 1
				},
				{
					"fill": "rgb(255,255,255)",
					"opacity": 1
				},
				{
					"fill": "rgb(255,255,255)",
					"opacity": 1
				}
			],
			"properties": {
				"order": 9,
				"id": 19,
				"prevSize": 32,
				"name": "domain-forwarding",
				"code": 58888
			},
			"setIdx": 0,
			"setId": 2,
			"iconIdx": 7
		},
		{
			"icon": {
				"paths": [
					"M1159.711 1024h-1024c-74.024 0-135.711-61.687-135.711-135.711v-752.578c0-74.024 61.687-135.711 135.711-135.711h1024c74.024 0 135.711 61.687 135.711 135.711v752.578c0 74.024-61.687 135.711-135.711 135.711zM135.711 55.518c-43.181 0-80.193 37.012-80.193 80.193v752.578c0 43.181 37.012 80.193 80.193 80.193h1024c43.181 0 80.193-37.012 80.193-80.193v-752.578c0-43.181-37.012-80.193-80.193-80.193h-1024z",
					"M1270.747 320.771h-1246.072c-12.337 0-24.675-6.169-24.675-24.675s12.337-24.675 24.675-24.675h1239.904c12.337 0 24.675 12.337 24.675 24.675s-6.169 24.675-18.506 24.675z",
					"M271.422 160.386c0 30.662-24.856 55.518-55.518 55.518s-55.518-24.856-55.518-55.518c0-30.662 24.856-55.518 55.518-55.518s55.518 24.856 55.518 55.518z",
					"M431.807 160.386c0 30.662-24.856 55.518-55.518 55.518s-55.518-24.856-55.518-55.518c0-30.662 24.856-55.518 55.518-55.518s55.518 24.856 55.518 55.518z",
					"M592.193 160.386c0 30.662-24.856 55.518-55.518 55.518s-55.518-24.856-55.518-55.518c0-30.662 24.856-55.518 55.518-55.518s55.518 24.856 55.518 55.518z",
					"M437.976 610.699c0 0 0-6.169 0-6.169s0-6.169-6.169-6.169 0-6.169 0-6.169c-6.169 0-6.169-6.169-12.337-6.169s-12.337-6.169-18.506-6.169c-6.169-6.169-12.337-6.169-18.506-12.337s-6.169-6.169-12.337-12.337 0-12.337 0-18.506c0-12.337 0-18.506 0-24.675s6.169-12.337 12.337-12.337c6.169-6.169 12.337-6.169 18.506-12.337 6.169 0 12.337-6.169 24.675-6.169 6.169 0 18.506 0 24.675 6.169s6.169 6.169 12.337 12.337 6.169 12.337 12.337 18.506c0 6.169 6.169 12.337 6.169 18.506h-37.012c0-6.169 0-6.169 0-12.337s0-6.169-6.169-6.169c0 0-6.169-6.169-6.169-6.169s-6.169 0-6.169 0-6.169 0-6.169 0-6.169 0-6.169 6.169c0 0 0 6.169-6.169 6.169 0 0 0 6.169 0 6.169s0 6.169 0 6.169c0 0 0 6.169 6.169 6.169 0 0 6.169 6.169 6.169 6.169-0 6.169 6.169 6.169 6.169 12.337 6.169 0 12.337 6.169 18.506 12.337s12.337 6.169 12.337 12.337 6.169 12.337 6.169 12.337 0 12.337 0 18.506c0 6.169 0 12.337-6.169 18.506 0 6.169-6.169 12.337-12.337 12.337s-12.337 6.169-18.506 6.169c-6.169 0-12.337 6.169-24.675 6.169-6.169 0-12.337 0-18.506-6.169-6.169 0-12.337-6.169-18.506-12.337 12.337 0 6.169-6.169 6.169-12.337s-6.169-12.337-6.169-24.675h37.012c0 6.169 0 12.337 0 12.337s0 6.169 6.169 6.169c0 0 6.169 6.169 6.169 6.169s6.169 0 12.337 0c6.169 0 6.169 0 6.169 0s6.169 0 6.169-6.169 0-6.169 0-6.169c0 0 0 0 0-6.169z",
					"M616.867 586.024c0 12.337 0 24.675-6.169 30.843 0 6.169-6.169 18.506-12.337 24.675s-12.337 12.337-18.506 12.337c-6.169 0-18.506 6.169-24.675 6.169s-18.506 0-24.675-6.169c-6.169 0-12.337-6.169-18.506-12.337s-12.337-12.337-12.337-24.675c-6.169-6.169-6.169-18.506-6.169-30.843v-24.675c0-12.337 0-24.675 6.169-30.843s6.169-18.506 12.337-24.675 12.337-12.337 18.506-12.337 18.506-6.169 24.675-6.169c6.169 0 18.506 0 24.675 6.169s12.337 6.169 18.506 12.337c6.169 6.169 12.337 12.337 12.337 24.675s6.169 18.506 6.169 30.843v24.675zM579.855 561.349c0-6.169 0-12.337 0-18.506s0-12.337-6.169-12.337 0-12.337-6.169-12.337c-6.169 0-6.169 0-12.337 0s-6.169 0-12.337 0-6.169 6.169-6.169 6.169-6.169 6.169-6.169 12.337c0 6.169 0 12.337 0 18.506v30.843c0 6.169 0 12.337 0 18.506s0 12.337 6.169 12.337c0 6.169 6.169 6.169 6.169 6.169 6.169 0 6.169 0 12.337 0s6.169 0 12.337 0 6.169-6.169 6.169-6.169 6.169 0 6.169-6.169 0-12.337 0-18.506v-30.843z",
					"M758.747 586.024c0 12.337 0 24.675-6.169 30.843 0 6.169-6.169 18.506-12.337 24.675s-12.337 12.337-18.506 12.337c-6.169 0-18.506 6.169-24.675 6.169s-18.506 0-24.675-6.169c-6.169 0-12.337-6.169-18.506-12.337s-12.337-12.337-12.337-24.675c0-6.169-6.169-18.506-6.169-30.843v-24.675c0-12.337 0-24.675 6.169-30.843s6.169-18.506 12.337-24.675 12.337-12.337 18.506-12.337 18.506-6.169 24.675-6.169c6.169 0 18.506 0 24.675 6.169s12.337 6.169 18.506 12.337c6.169 6.169 12.337 12.337 12.337 24.675s6.169 18.506 6.169 30.843v24.675zM727.904 561.349c0-6.169 0-12.337 0-18.506s0-12.337-6.169-12.337-6.169-6.169-6.169-6.169c-6.169 0-6.169 0-12.337 0s-6.169 0-12.337 0-6.169 6.169-6.169 6.169-6.169 6.169-6.169 12.337c0 6.169 0 12.337 0 18.506v30.843c0 6.169 0 12.337 0 18.506s0 12.337 6.169 12.337c0 6.169 6.169 6.169 6.169 6.169 6.169 0 6.169 0 12.337 0s6.169 0 12.337 0 6.169-6.169 6.169-6.169 6.169-6.169 6.169-12.337 0-12.337 0-18.506v-30.843z",
					"M906.795 660.048h-37.012l-49.349-111.036v111.036h-37.012v-172.723h37.012l49.349 111.036v-111.036h37.012v172.723z",
					"M931.47 641.542c0 0 0-6.169 0-6.169s0-6.169 6.169-6.169 6.169 0 6.169-6.169 6.169 0 6.169 0c0 0 6.169 0 6.169 0s6.169 0 6.169 6.169c0 0 0 6.169 6.169 6.169 0 0 0 6.169 0 6.169s0 6.169 0 6.169c0 0 0 6.169-6.169 6.169 0 0-6.169 0-6.169 6.169 0 0-6.169 0-6.169 0s-6.169 0-6.169 0c0 0-6.169 0-6.169-6.169s0-6.169-6.169-6.169 0 0 0-6.169zM962.313 604.53h-24.675l-6.169-117.205h37.012l-6.169 117.205z",
					"M980.819 758.747c-24.675 0-592.193 0-623.036 0s-30.843-49.349 0-49.349 579.855 0 623.036 0c24.675 6.169 24.675 49.349 0 49.349z"
				],
				"attrs": [
					{
						"fill": "rgb(255,255,255)",
						"opacity": 1
					},
					{
						"fill": "rgb(255,255,255)",
						"opacity": 1
					},
					{
						"fill": "rgb(255,255,255)",
						"opacity": 1
					},
					{
						"fill": "rgb(255,255,255)",
						"opacity": 1
					},
					{
						"fill": "rgb(255,255,255)",
						"opacity": 1
					},
					{
						"fill": "rgb(255,255,255)",
						"opacity": 1
					},
					{
						"fill": "rgb(255,255,255)",
						"opacity": 1
					},
					{
						"fill": "rgb(255,255,255)",
						"opacity": 1
					},
					{
						"fill": "rgb(255,255,255)",
						"opacity": 1
					},
					{
						"fill": "rgb(255,255,255)",
						"opacity": 1
					},
					{
						"fill": "rgb(255,255,255)",
						"opacity": 1
					}
				],
				"isMulticolor": false,
				"width": 1295,
				"grid": 0,
				"tags": [
					"domain-parking"
				],
				"colorPermutations": {
					"11312021223223223125022020912552552551511562131": [
						5,
						5,
						5,
						5,
						5,
						5,
						5,
						5,
						5,
						5,
						5
					]
				}
			},
			"attrs": [
				{
					"fill": "rgb(255,255,255)",
					"opacity": 1
				},
				{
					"fill": "rgb(255,255,255)",
					"opacity": 1
				},
				{
					"fill": "rgb(255,255,255)",
					"opacity": 1
				},
				{
					"fill": "rgb(255,255,255)",
					"opacity": 1
				},
				{
					"fill": "rgb(255,255,255)",
					"opacity": 1
				},
				{
					"fill": "rgb(255,255,255)",
					"opacity": 1
				},
				{
					"fill": "rgb(255,255,255)",
					"opacity": 1
				},
				{
					"fill": "rgb(255,255,255)",
					"opacity": 1
				},
				{
					"fill": "rgb(255,255,255)",
					"opacity": 1
				},
				{
					"fill": "rgb(255,255,255)",
					"opacity": 1
				},
				{
					"fill": "rgb(255,255,255)",
					"opacity": 1
				}
			],
			"properties": {
				"order": 10,
				"id": 18,
				"prevSize": 32,
				"name": "domain-parking",
				"code": 58889
			},
			"setIdx": 0,
			"setId": 2,
			"iconIdx": 8
		},
		{
			"icon": {
				"paths": [
					"M952.889 1024l-952.889-1024h1920l-967.111 1024zM327.111 142.222l625.778 682.667 640-682.667h-1265.778z"
				],
				"attrs": [
					{
						"fill": "rgb(0,131,202)",
						"opacity": 1
					}
				],
				"isMulticolor": false,
				"width": 1920,
				"grid": 0,
				"tags": [
					"down-arrow"
				],
				"colorPermutations": {
					"11312021223223223125022020912552552551511562131": [
						1
					]
				}
			},
			"attrs": [
				{
					"fill": "rgb(0,131,202)",
					"opacity": 1
				}
			],
			"properties": {
				"order": 11,
				"id": 17,
				"prevSize": 32,
				"name": "down-arrow",
				"code": 58890
			},
			"setIdx": 0,
			"setId": 2,
			"iconIdx": 9
		},
		{
			"icon": {
				"paths": [
					"M200.037 1024c-9.526 0-19.051-4.763-28.577-9.526l-161.935-161.935c-14.288-14.288-14.288-38.102 0-52.391l285.767-285.767-285.767-285.767c-14.288-14.288-14.288-38.102 0-52.391l161.935-161.935c14.288-14.288 38.102-14.288 52.391 0l476.279 476.279c14.288 14.288 14.288 38.102 0 52.391l-476.279 476.279c-4.763 0-14.288 4.763-23.814 4.763zM52.391 823.963l147.647 147.647 461.991-461.991-461.991-457.228-147.647 147.647 309.581 309.581-309.581 314.344z"
				],
				"attrs": [
					{
						"fill": "rgb(51,156,213)",
						"opacity": 1
					}
				],
				"isMulticolor": false,
				"width": 714,
				"grid": 0,
				"tags": [
					"forward-arrow"
				],
				"colorPermutations": {
					"11312021223223223125022020912552552551511562131": [
						2
					]
				}
			},
			"attrs": [
				{
					"fill": "rgb(51,156,213)",
					"opacity": 1
				}
			],
			"properties": {
				"order": 12,
				"id": 16,
				"prevSize": 32,
				"name": "forward-arrow",
				"code": 58891
			},
			"setIdx": 0,
			"setId": 2,
			"iconIdx": 10
		},
		{
			"icon": {
				"paths": [
					"M512 0c-285.257 0-512 226.743-512 512s226.743 512 512 512c285.257 0 512-226.743 512-512s-226.743-512-512-512zM526.629 724.114c0 0-7.314 7.314-14.629 7.314s-14.629 0-14.629-7.314-7.314-14.629-7.314-21.943c0-7.314 0-14.629 7.314-14.629 0-7.314 7.314-7.314 14.629-7.314s14.629 0 14.629 7.314 7.314 7.314 7.314 14.629 0 14.629-7.314 21.943zM614.4 424.229c0 14.629-7.314 21.943-14.629 36.571s-7.314 14.629-21.943 29.257-14.629 14.629-21.943 29.257c-7.314 7.314-14.629 21.943-21.943 36.571 0 14.629-7.314 29.257-7.314 43.886h-29.257c0-14.629 0-21.943 0-36.571 0-7.314 7.314-21.943 7.314-29.257s7.314-7.314 14.629-21.943c7.314-7.314 14.629-14.629 21.943-29.257 7.314-7.314 14.629-14.629 21.943-21.943s7.314-14.629 14.629-21.943 7.314-14.629 7.314-21.943 0-21.943 0-29.257c0-14.629 0-21.943-7.314-36.571 0-7.314-7.314-21.943-14.629-29.257s-7.314-7.314-14.629-14.629c-7.314 0-14.629 0-29.257 0-7.314 0-21.943 0-29.257 7.314s-7.314 7.314-14.629 7.314c-7.314 7.314-14.629 21.943-14.629 29.257s-7.314 21.943-7.314 29.257h-36.571c0-14.629 0-36.571 7.314-43.886 7.314-14.629 14.629-29.257 21.943-36.571 14.629-7.314 21.943-14.629 36.571-21.943s21.943-7.314 36.571-7.314c14.629 0 29.257 0 43.886 7.314s21.943 14.629 29.257 21.943c7.314 7.314 14.629 21.943 21.943 36.571s7.314 29.257 7.314 43.886c0 21.943-7.314 29.257-7.314 43.886z"
				],
				"attrs": [
					{
						"fill": "rgb(0,131,202)",
						"opacity": 1
					}
				],
				"isMulticolor": false,
				"grid": 0,
				"tags": [
					"info-active"
				],
				"colorPermutations": {
					"11312021223223223125022020912552552551511562131": [
						1
					]
				}
			},
			"attrs": [
				{
					"fill": "rgb(0,131,202)",
					"opacity": 1
				}
			],
			"properties": {
				"order": 13,
				"id": 15,
				"prevSize": 32,
				"name": "info-active",
				"code": 58892
			},
			"setIdx": 0,
			"setId": 2,
			"iconIdx": 11
		},
		{
			"icon": {
				"paths": [
					"M512 73.143c241.371 0 438.857 197.486 438.857 438.857s-197.486 438.857-438.857 438.857c-241.371 0-438.857-197.486-438.857-438.857s197.486-438.857 438.857-438.857zM512 0c-285.257 0-512 226.743-512 512s226.743 512 512 512 512-226.743 512-512-226.743-512-512-512v0z",
					"M497.371 599.771c0-14.629 0-21.943 0-36.571 0-7.314 7.314-21.943 7.314-29.257s7.314-7.314 14.629-21.943c7.314-7.314 14.629-14.629 21.943-29.257 7.314-7.314 14.629-14.629 21.943-21.943s7.314-14.629 14.629-21.943 7.314-14.629 7.314-21.943 0-21.943 0-29.257c0-14.629 0-21.943-7.314-36.571 0-7.314-7.314-21.943-14.629-29.257s-7.314-7.314-14.629-14.629c-7.314 0-14.629 0-29.257 0-7.314 0-21.943 0-29.257 7.314s-7.314 7.314-14.629 7.314c-7.314 7.314-14.629 21.943-14.629 29.257s-7.314 21.943-7.314 29.257h-36.571c0-14.629 0-36.571 7.314-43.886 7.314-14.629 14.629-29.257 21.943-36.571 14.629-7.314 21.943-14.629 36.571-21.943s21.943-7.314 36.571-7.314c14.629 0 29.257 0 43.886 7.314s21.943 14.629 29.257 21.943c7.314 7.314 14.629 21.943 21.943 36.571s7.314 29.257 7.314 43.886c0 14.629 0 29.257-7.314 36.571 0 14.629-7.314 21.943-14.629 36.571s-7.314 21.943-21.943 36.571-14.629 14.629-21.943 29.257-14.629 21.943-21.943 36.571c0 14.629-7.314 29.257-7.314 43.886h-29.257zM490.057 702.171c0-7.314 0-14.629 7.314-14.629 0-7.314 7.314-7.314 14.629-7.314s14.629 0 14.629 7.314 7.314 7.314 7.314 14.629 0 14.629-7.314 14.629c0 7.314-7.314 14.629-14.629 14.629s-14.629 0-14.629-7.314-7.314-14.629-7.314-21.943z"
				],
				"attrs": [
					{
						"fill": "rgb(0,131,202)",
						"opacity": 1
					},
					{
						"fill": "rgb(0,131,202)",
						"opacity": 1
					}
				],
				"isMulticolor": false,
				"grid": 0,
				"tags": [
					"info-inactive"
				],
				"colorPermutations": {
					"11312021223223223125022020912552552551511562131": [
						1,
						1
					]
				}
			},
			"attrs": [
				{
					"fill": "rgb(0,131,202)",
					"opacity": 1
				},
				{
					"fill": "rgb(0,131,202)",
					"opacity": 1
				}
			],
			"properties": {
				"order": 14,
				"id": 14,
				"prevSize": 32,
				"name": "info-inactive",
				"code": 58893
			},
			"setIdx": 0,
			"setId": 2,
			"iconIdx": 12
		},
		{
			"icon": {
				"paths": [
					"M314.027 518.827c6.827-20.48 6.827-47.787 0-61.44-6.827-27.307-20.48-40.96-40.96-47.787-6.827 0-13.653 0-20.48 0-34.133 0-61.44 27.307-75.093 68.267-6.827 13.653-6.827 34.133 0 54.613s20.48 40.96 40.96 47.787c6.827 0 13.653 0 20.48 0 20.48 0 34.133-6.827 47.787-20.48 13.653-6.827 27.307-27.307 27.307-40.96zM266.24 498.347c-6.827 20.48-20.48 34.133-27.307 34.133 0 0 0 0-6.827 0 0 0-6.827 0-6.827-6.827s0-20.48 0-34.133c6.827-20.48 20.48-34.133 27.307-34.133 0 0 0 0 6.827 0s13.653 20.48 6.827 40.96z",
					"M764.587 566.613c13.653 13.653 34.133 20.48 47.787 20.48v0c6.827 0 13.653 0 20.48 0 20.48-6.827 34.133-20.48 40.96-47.787 6.827-20.48 0-40.96-6.827-61.44-13.653-40.96-40.96-68.267-75.093-68.267-6.827 0-13.653 0-20.48 0-20.48 6.827-34.133 20.48-40.96 47.787-6.827 20.48-6.827 40.96 0 61.44 13.653 13.653 20.48 34.133 34.133 47.787zM798.72 457.387c0 0 0 0 0 0 13.653 0 27.307 13.653 27.307 34.133 6.827 13.653 6.827 27.307 0 34.133 0 6.827-6.827 6.827-6.827 6.827s0 0-6.827 0v0c-13.653 0-27.307-13.653-34.133-27.307 0-27.307 6.827-47.787 20.48-47.787z",
					"M525.653 40.96c68.267 0 129.707 13.653 191.147 47.787 54.613 27.307 109.227 68.267 157.013 122.88 88.747 102.4 143.36 238.933 143.36 368.64s-47.787 232.107-143.36 307.2c-20.48 13.653-40.96 34.133-68.267 40.96v0c68.267-61.44 116.053-143.36 143.36-252.587 40.96-170.667-27.307-293.547-68.267-348.16-61.44-75.093-143.36-122.88-211.627-122.88-27.307 0-47.787 6.827-68.267 20.48-27.307 27.307-54.613 61.44-75.093 95.573v0c-20.48-34.133-40.96-68.267-75.093-95.573-13.653-13.653-40.96-20.48-68.267-20.48-68.267 0-150.187 47.787-211.627 122.88-40.96 54.613-109.227 170.667-68.267 348.16 27.307 109.227 75.093 191.147 143.36 252.587v0c-20.48-13.653-47.787-27.307-68.267-40.96-95.573-75.093-143.36-184.32-143.36-307.2 0-129.707 54.613-266.24 143.36-368.64 47.787-54.613 95.573-88.747 157.013-122.88s129.707-47.787 191.147-47.787zM525.653 13.653c-68.267 0-136.533 13.653-204.8 47.787-54.613 27.307-109.227 75.093-157.013 122.88-95.573 109.227-150.187 252.587-150.187 389.12s54.613 252.587 150.187 327.68c47.787 34.133 102.4 68.267 163.84 81.92 61.44 20.48 129.707 27.307 197.973 27.307s136.533-6.827 197.973-27.307c61.44-20.48 116.053-47.787 163.84-81.92 102.4-81.92 150.187-191.147 150.187-327.68s-54.613-279.893-150.187-382.293c-47.787-54.613-102.4-95.573-163.84-122.88-61.44-40.96-129.707-54.613-197.973-54.613v0zM525.653 866.987c54.613 0 109.227-27.307 143.36-88.747 27.307-40.96 34.133-81.92 34.133-81.92v-6.827c0 0 6.827-6.827 6.827-6.827 13.653-20.48 34.133-47.787 34.133-68.267 0-95.573-75.093-163.84-191.147-170.667v-109.227c13.653-34.133 34.133-61.44 61.44-88.747 13.653-13.653 34.133-13.653 54.613-13.653 116.053 0 320.853 170.667 252.587 436.907-27.307 116.053-75.093 191.147-136.533 238.933-27.307 13.653-54.613 27.307-81.92 34.133-54.613 20.48-116.053 27.307-184.32 27.307s-129.707-6.827-184.32-27.307c-27.307-6.827-54.613-20.48-81.92-34.133-54.613-47.787-109.227-122.88-136.533-238.933-47.787-266.24 150.187-436.907 266.24-436.907 20.48 0 40.96 6.827 54.613 13.653 34.133 27.307 54.613 54.613 68.267 88.747v116.053c-122.88 6.827-197.973 75.093-197.973 170.667 0 20.48 13.653 47.787 34.133 68.267 0 0 6.827 6.827 6.827 6.827v6.827c0 0 6.827 40.96 34.133 81.92 40.96 54.613 88.747 81.92 143.36 81.92v0zM416.427 689.493c-6.827 0-6.827 0-13.653 0-13.653-6.827-27.307-13.653-34.133-27.307 0-6.827-6.827-6.827-6.827-13.653-13.653-13.653-20.48-27.307-20.48-27.307 0-40.96 20.48-75.093 47.787-95.573 34.133-20.48 81.92-34.133 136.533-34.133s102.4 13.653 136.533 34.133c34.133 20.48 47.787 54.613 47.787 95.573 0 6.827-6.827 20.48-20.48 34.133 0 6.827-6.827 6.827-6.827 13.653-6.827 6.827-20.48 13.653-34.133 20.48-6.827 0-6.827 0-13.653 0v0c-6.827 0-6.827 0-13.653-6.827l-20.48-13.653-13.653 27.307c0 0-13.653 40.96-61.44 81.92-40.96-34.133-61.44-81.92-61.44-81.92l-6.827-27.307-27.307 13.653c-6.827 6.827-13.653 6.827-13.653 6.827v0zM409.6 716.8c6.827 0 6.827 0 13.653 0 13.653 27.307 47.787 75.093 102.4 116.053 54.613-34.133 81.92-81.92 102.4-116.053 6.827 0 6.827 0 13.653 0v0c6.827 0 6.827 0 13.653 0-20.48 47.787-61.44 102.4-129.707 116.053 0 0 0 0 0 0-40.96-6.827-81.92-34.133-116.053-81.92-6.827-13.653-13.653-20.48-13.653-34.133 6.827 0 13.653 0 13.653 0v0zM525.653 832.853c0 0 0 0 0 0s0 0 0 0 0 0 0 0v0z"
				],
				"attrs": [
					{
						"fill": "rgb(0,131,202)",
						"opacity": 1
					},
					{
						"fill": "rgb(0,131,202)",
						"opacity": 1
					},
					{
						"fill": "rgb(0,131,202)",
						"opacity": 1
					}
				],
				"isMulticolor": false,
				"width": 1051,
				"grid": 0,
				"tags": [
					"linux"
				],
				"colorPermutations": {
					"11312021223223223125022020912552552551511562131": [
						1,
						1,
						1
					]
				}
			},
			"attrs": [
				{
					"fill": "rgb(0,131,202)",
					"opacity": 1
				},
				{
					"fill": "rgb(0,131,202)",
					"opacity": 1
				},
				{
					"fill": "rgb(0,131,202)",
					"opacity": 1
				}
			],
			"properties": {
				"order": 15,
				"id": 13,
				"prevSize": 32,
				"name": "linux",
				"code": 58894
			},
			"setIdx": 0,
			"setId": 2,
			"iconIdx": 13
		},
		{
			"icon": {
				"paths": [
					"M363.52 675.84v112.64c0 10.24 10.24 20.48 20.48 20.48s20.48-10.24 20.48-20.48v-112.64c10.24-5.12 20.48-20.48 20.48-35.84 0-25.6-20.48-40.96-40.96-40.96s-40.96 15.36-40.96 40.96c0 15.36 5.12 30.72 20.48 35.84z",
					"M640 384v-128c0-143.36-112.64-256-256-256s-256 112.64-256 256h40.96c0-117.76 97.28-215.040 215.040-215.040s215.040 97.28 215.040 215.040v128h-599.040v640h768v-640h-128zM727.040 983.040h-686.080v-558.080h680.96v558.080z"
				],
				"attrs": [
					{
						"fill": "rgb(255,255,255)",
						"opacity": 1
					},
					{
						"fill": "rgb(255,255,255)",
						"opacity": 1
					}
				],
				"isMulticolor": false,
				"width": 768,
				"grid": 0,
				"tags": [
					"login"
				],
				"colorPermutations": {
					"11312021223223223125022020912552552551511562131": [
						5,
						5
					]
				}
			},
			"attrs": [
				{
					"fill": "rgb(255,255,255)",
					"opacity": 1
				},
				{
					"fill": "rgb(255,255,255)",
					"opacity": 1
				}
			],
			"properties": {
				"order": 16,
				"id": 12,
				"prevSize": 32,
				"name": "login",
				"code": 58895
			},
			"setIdx": 0,
			"setId": 2,
			"iconIdx": 14
		},
		{
			"icon": {
				"paths": [
					"M424.96 640c0 22.622-18.338 40.96-40.96 40.96s-40.96-18.338-40.96-40.96c0-22.622 18.338-40.96 40.96-40.96s40.96 18.338 40.96 40.96z",
					"M384 808.96c-10.24 0-20.48-10.24-20.48-20.48v-128c0-10.24 10.24-20.48 20.48-20.48s20.48 10.24 20.48 20.48v128c0 10.24-10.24 20.48-20.48 20.48z",
					"M768 1024h-768v-640h768v640zM40.96 983.040h680.96v-558.080h-680.96v558.080z",
					"M640 404.48h-40.96v-148.48c0-117.76-97.28-215.040-215.040-215.040s-215.040 97.28-215.040 215.040v148.48h-40.96v-148.48c0-143.36 112.64-256 256-256s256 112.64 256 256v148.48z"
				],
				"attrs": [
					{
						"fill": "rgb(0,131,202)",
						"opacity": 1
					},
					{
						"fill": "rgb(0,131,202)",
						"opacity": 1
					},
					{
						"fill": "rgb(0,131,202)",
						"opacity": 1
					},
					{
						"fill": "rgb(0,131,202)",
						"opacity": 1
					}
				],
				"isMulticolor": false,
				"width": 768,
				"grid": 0,
				"tags": [
					"logout"
				],
				"colorPermutations": {
					"11312021223223223125022020912552552551511562131": [
						1,
						1,
						1,
						1
					]
				}
			},
			"attrs": [
				{
					"fill": "rgb(0,131,202)",
					"opacity": 1
				},
				{
					"fill": "rgb(0,131,202)",
					"opacity": 1
				},
				{
					"fill": "rgb(0,131,202)",
					"opacity": 1
				},
				{
					"fill": "rgb(0,131,202)",
					"opacity": 1
				}
			],
			"properties": {
				"order": 27,
				"id": 11,
				"prevSize": 32,
				"name": "logout",
				"code": 58896
			},
			"setIdx": 0,
			"setId": 2,
			"iconIdx": 15
		},
		{
			"icon": {
				"paths": [
					"M183.336 245.939h353.258c8.943 0 17.886-8.943 17.886-17.886v-156.507c0-8.943-8.943-17.886-17.886-17.886h-58.131v-35.773c0-8.943-8.943-17.886-17.886-17.886h-201.223c-8.943 0-17.886 8.943-17.886 17.886v35.773h-58.131c-8.943 0-17.886 8.943-17.886 17.886v156.507c0 8.943 8.943 17.886 17.886 17.886v0zM201.223 89.432h58.131c8.943 0 17.886-8.943 17.886-17.886v-35.773h165.45v35.773c0 8.943 8.943 17.886 17.886 17.886h58.131v120.734h-317.485v-120.734zM201.223 89.432z",
					"M393.502 107.319c0 17.886-13.415 31.301-31.301 31.301s-31.301-13.415-31.301-31.301c0-17.886 13.415-31.301 31.301-31.301s31.301 13.415 31.301 31.301v0zM393.502 107.319z",
					"M594.725 375.616h-460.576c-8.943 0-17.886-8.943-17.886-17.886s8.943-17.886 17.886-17.886h465.048c8.943 0 17.886 8.943 17.886 17.886s-13.415 17.886-22.358 17.886z",
					"M594.725 442.69h-460.576c-8.943 0-17.886-8.943-17.886-17.886s8.943-17.886 17.886-17.886h465.048c8.943 0 17.886 8.943 17.886 17.886s-13.415 17.886-22.358 17.886z",
					"M594.725 509.764h-460.576c-8.943 0-17.886-8.943-17.886-17.886s8.943-17.886 17.886-17.886h465.048c8.943 0 17.886 8.943 17.886 17.886s-13.415 17.886-22.358 17.886z",
					"M313.013 845.135h-178.865c-8.943 0-17.886-8.943-17.886-17.886s8.943-17.886 17.886-17.886h178.865c8.943 0 17.886 8.943 17.886 17.886s-8.943 17.886-17.886 17.886z",
					"M724.402 460.576v-348.786c0-8.943-8.943-17.886-17.886-17.886h-93.904c-8.943 0-17.886 8.943-17.886 17.886s8.943 17.886 17.886 17.886h76.017v362.201l13.415-8.943 22.358-22.358z",
					"M688.629 988.227h-652.856v-858.55h76.017c8.943 0 17.886-8.943 17.886-17.886s-8.943-17.886-17.886-17.886h-93.904c-8.943 0-17.886 8.943-17.886 17.886v894.323c0 8.943 8.943 17.886 17.886 17.886h688.629c8.943 0 17.886-8.943 17.886-17.886v-134.148l-35.773 26.83v89.432z",
					"M594.725 541.066h-460.576c-8.943 0-17.886 8.943-17.886 17.886s8.943 17.886 17.886 17.886h438.218l35.773-26.83c-4.472-4.472-8.943-8.943-13.415-8.943z",
					"M134.148 608.14c-8.943 0-17.886 8.943-17.886 17.886s8.943 17.886 17.886 17.886h353.258l44.716-35.773h-397.974z",
					"M456.105 675.214h-321.956c-8.943 0-17.886 8.943-17.886 17.886s8.943 17.886 17.886 17.886h313.013l8.943-26.83c-4.472-4.472 0-4.472 0-8.943z",
					"M134.148 742.288c-8.943 0-17.886 8.943-17.886 17.886s8.943 17.886 17.886 17.886h295.127l8.943-35.773h-304.070z",
					"M930.096 621.555l-111.79-147.563c-8.943-8.943-17.886-13.415-26.83-13.415s-17.886 4.472-22.358 8.943l-263.825 201.223c-4.472 4.472-8.943 13.415-13.415 17.886l-44.716 147.563c-4.472 8.943 0 22.358 4.472 31.301s13.415 13.415 22.358 13.415h4.472l156.507-4.472c8.943 0 13.415-4.472 22.358-8.943l259.354-196.751c8.943-4.472 13.415-13.415 13.415-22.358 8.943-8.943 4.472-17.886 0-26.83zM737.817 554.48l22.358 26.83-192.279 147.563-22.358-26.83 192.279-147.563zM778.061 608.14l17.886 22.358-192.279 147.563-17.886-22.358 192.279-147.563zM541.066 845.135l-35.773-49.188 17.886-62.603 84.961 111.79h-67.074zM643.913 831.721l-22.358-26.83 192.279-147.563 22.358 26.83-192.279 147.563zM867.493 661.799l-31.301-40.245-71.546-89.432 31.301-22.358 102.847 134.148-31.301 17.886z"
				],
				"attrs": [
					{
						"fill": "rgb(255,255,255)",
						"opacity": 1
					},
					{
						"fill": "rgb(255,255,255)",
						"opacity": 1
					},
					{
						"fill": "rgb(255,255,255)",
						"opacity": 1
					},
					{
						"fill": "rgb(255,255,255)",
						"opacity": 1
					},
					{
						"fill": "rgb(255,255,255)",
						"opacity": 1
					},
					{
						"fill": "rgb(255,255,255)",
						"opacity": 1
					},
					{
						"fill": "rgb(255,255,255)",
						"opacity": 1
					},
					{
						"fill": "rgb(255,255,255)",
						"opacity": 1
					},
					{
						"fill": "rgb(255,255,255)",
						"opacity": 1
					},
					{
						"fill": "rgb(255,255,255)",
						"opacity": 1
					},
					{
						"fill": "rgb(255,255,255)",
						"opacity": 1
					},
					{
						"fill": "rgb(255,255,255)",
						"opacity": 1
					},
					{
						"fill": "rgb(255,255,255)",
						"opacity": 1
					}
				],
				"isMulticolor": false,
				"width": 939,
				"grid": 0,
				"tags": [
					"manage-domains-02"
				],
				"colorPermutations": {
					"11312021223223223125022020912552552551511562131": [
						5,
						5,
						5,
						5,
						5,
						5,
						5,
						5,
						5,
						5,
						5,
						5,
						5
					]
				}
			},
			"attrs": [
				{
					"fill": "rgb(255,255,255)",
					"opacity": 1
				},
				{
					"fill": "rgb(255,255,255)",
					"opacity": 1
				},
				{
					"fill": "rgb(255,255,255)",
					"opacity": 1
				},
				{
					"fill": "rgb(255,255,255)",
					"opacity": 1
				},
				{
					"fill": "rgb(255,255,255)",
					"opacity": 1
				},
				{
					"fill": "rgb(255,255,255)",
					"opacity": 1
				},
				{
					"fill": "rgb(255,255,255)",
					"opacity": 1
				},
				{
					"fill": "rgb(255,255,255)",
					"opacity": 1
				},
				{
					"fill": "rgb(255,255,255)",
					"opacity": 1
				},
				{
					"fill": "rgb(255,255,255)",
					"opacity": 1
				},
				{
					"fill": "rgb(255,255,255)",
					"opacity": 1
				},
				{
					"fill": "rgb(255,255,255)",
					"opacity": 1
				},
				{
					"fill": "rgb(255,255,255)",
					"opacity": 1
				}
			],
			"properties": {
				"order": 25,
				"id": 9,
				"prevSize": 32,
				"name": "manage-domains",
				"code": 58897
			},
			"setIdx": 0,
			"setId": 2,
			"iconIdx": 17
		},
		{
			"icon": {
				"paths": [
					"M942.080 1024h-942.080v-942.080h540.672v122.88h-417.792v696.32h696.32v-425.984h122.88z",
					"M688.128-0v122.88h139.264l-458.752 442.368 81.92 90.112 466.944-450.56v163.84h114.688v-368.64z"
				],
				"attrs": [
					{
						"fill": "rgb(0,131,202)",
						"opacity": 1
					},
					{
						"fill": "rgb(0,131,202)",
						"opacity": 1
					}
				],
				"isMulticolor": false,
				"width": 1032,
				"grid": 0,
				"tags": [
					"new-tab"
				],
				"colorPermutations": {
					"11312021223223223125022020912552552551511562131": [
						1,
						1
					]
				}
			},
			"attrs": [
				{
					"fill": "rgb(0,131,202)",
					"opacity": 1
				},
				{
					"fill": "rgb(0,131,202)",
					"opacity": 1
				}
			],
			"properties": {
				"order": 24,
				"id": 8,
				"prevSize": 32,
				"name": "new-tab",
				"code": 58898
			},
			"setIdx": 0,
			"setId": 2,
			"iconIdx": 18
		},
		{
			"icon": {
				"paths": [
					"M665.6 322.56c-10.24 0-15.36-5.12-15.36-15.36s5.12-15.36 15.36-15.36h302.080c15.36 0 30.72 5.12 40.96 15.36v0c10.24 10.24 15.36 25.6 15.36 40.96v619.52c0 15.36-5.12 30.72-15.36 40.96v0c-10.24 10.24-25.6 15.36-40.96 15.36h-911.36c-15.36 0-30.72-5.12-40.96-15.36s-15.36-25.6-15.36-40.96v-619.52c0-15.36 5.12-30.72 15.36-40.96v0 0c10.24-10.24 25.6-15.36 40.96-15.36h302.080c10.24 0 15.36 5.12 15.36 15.36s-5.12 15.36-15.36 15.36h-302.080c-5.12 0-10.24 0-15.36 5.12s-10.24 10.24-10.24 20.48v619.52c0 5.12 5.12 15.36 5.12 15.36 5.12 5.12 10.24 5.12 15.36 5.12h911.36c5.12 0 10.24-5.12 15.36-5.12v0c5.12-5.12 5.12-10.24 5.12-15.36v-619.52c0-5.12-5.12-15.36-5.12-15.36-5.12-5.12-10.24-5.12-15.36-5.12h-296.96zM665.6 322.56z",
					"M491.52 860.16c-10.24 0-15.36-5.12-15.36-15.36s5.12-15.36 15.36-15.36h245.76c10.24 0 15.36 5.12 15.36 15.36s-5.12 15.36-15.36 15.36h-245.76zM491.52 778.24c-10.24 0-15.36-5.12-15.36-15.36s5.12-15.36 15.36-15.36h394.24c10.24 0 15.36 5.12 15.36 15.36s-5.12 15.36-15.36 15.36h-394.24zM491.52 691.2c-10.24 0-15.36-5.12-15.36-15.36s5.12-15.36 15.36-15.36h394.24c10.24 0 15.36 5.12 15.36 15.36s-5.12 15.36-15.36 15.36h-394.24zM491.52 609.28c-10.24 0-15.36-5.12-15.36-15.36s5.12-15.36 15.36-15.36h394.24c10.24 0 15.36 5.12 15.36 15.36s-5.12 15.36-15.36 15.36h-394.24zM491.52 609.28z",
					"M271.36 578.56c25.6 0 51.2 10.24 71.68 30.72v0c15.36 15.36 30.72 40.96 30.72 71.68 0 25.6-10.24 51.2-30.72 71.68v0c-15.36 15.36-40.96 30.72-71.68 30.72-25.6 0-51.2-10.24-71.68-30.72v0c-15.36-15.36-30.72-40.96-30.72-71.68s10.24-51.2 30.72-71.68v0c20.48-20.48 40.96-30.72 71.68-30.72v0zM317.44 629.76c-10.24-10.24-30.72-20.48-46.080-20.48-20.48 0-35.84 5.12-46.080 20.48v0c-15.36 10.24-20.48 30.72-20.48 46.080 0 20.48 5.12 35.84 20.48 46.080v0c10.24 10.24 30.72 20.48 46.080 20.48 20.48 0 35.84-5.12 46.080-20.48 10.24-10.24 20.48-30.72 20.48-46.080s-10.24-35.84-20.48-46.080v0zM317.44 629.76z",
					"M189.44 860.16c-10.24 0-15.36-5.12-15.36-15.36s5.12-15.36 15.36-15.36h163.84c10.24 0 15.36 5.12 15.36 15.36s-5.12 15.36-15.36 15.36h-163.84zM189.44 860.16z",
					"M665.6 404.48c-10.24 0-15.36-5.12-15.36-15.36s5.12-15.36 15.36-15.36h81.92c10.24 0 15.36 5.12 15.36 15.36v81.92c0 10.24-5.12 15.36-15.36 15.36h-471.040c-10.24-0-20.48-5.12-20.48-15.36v-81.92c0-10.24 5.12-15.36 15.36-15.36h87.040c10.24 0 15.36 5.12 15.36 15.36s-5.12 15.36-15.36 15.36h-66.56v51.2h445.44v-51.2h-71.68zM665.6 404.48z",
					"M440.32 0h143.36c10.24 0 15.36 5.12 15.36 15.36v373.76c0 10.24-5.12 15.36-15.36 15.36h-143.36c-10.24 0-15.36-5.12-15.36-15.36v-373.76c0-10.24 5.12-15.36 15.36-15.36v0zM568.32 30.72h-112.64v337.92h112.64v-337.92zM568.32 30.72z",
					"M537.6 97.28c0 15.36-10.24 25.6-25.6 25.6s-25.6-10.24-25.6-25.6c0-15.36 10.24-25.6 25.6-25.6s25.6 10.24 25.6 25.6v0zM537.6 97.28z"
				],
				"attrs": [
					{
						"fill": "rgb(0,131,202)",
						"opacity": 1
					},
					{
						"fill": "rgb(0,131,202)",
						"opacity": 1
					},
					{
						"fill": "rgb(0,131,202)",
						"opacity": 1
					},
					{
						"fill": "rgb(0,131,202)",
						"opacity": 1
					},
					{
						"fill": "rgb(0,131,202)",
						"opacity": 1
					},
					{
						"fill": "rgb(0,131,202)",
						"opacity": 1
					},
					{
						"fill": "rgb(0,131,202)",
						"opacity": 1
					}
				],
				"isMulticolor": false,
				"grid": 0,
				"tags": [
					"profile"
				],
				"colorPermutations": {
					"11312021223223223125022020912552552551511562131": [
						1,
						1,
						1,
						1,
						1,
						1,
						1
					]
				}
			},
			"attrs": [
				{
					"fill": "rgb(0,131,202)",
					"opacity": 1
				},
				{
					"fill": "rgb(0,131,202)",
					"opacity": 1
				},
				{
					"fill": "rgb(0,131,202)",
					"opacity": 1
				},
				{
					"fill": "rgb(0,131,202)",
					"opacity": 1
				},
				{
					"fill": "rgb(0,131,202)",
					"opacity": 1
				},
				{
					"fill": "rgb(0,131,202)",
					"opacity": 1
				},
				{
					"fill": "rgb(0,131,202)",
					"opacity": 1
				}
			],
			"properties": {
				"order": 23,
				"id": 7,
				"prevSize": 32,
				"name": "profile",
				"code": 58899
			},
			"setIdx": 0,
			"setId": 2,
			"iconIdx": 19
		},
		{
			"icon": {
				"paths": [
					"M648.101 812.287c-224.675 0-406.143-181.468-406.143-406.143s181.468-406.143 406.143-406.143 406.143 181.468 406.143 406.143-185.789 406.143-406.143 406.143zM648.101 43.207c-198.751 0-362.937 164.186-362.937 362.937s164.186 362.937 362.937 362.937 362.937-164.186 362.937-362.937-164.186-362.937-362.937-362.937z",
					"M648.101 682.667c-151.224 0-276.523-125.3-276.523-276.523s120.979-276.523 276.523-276.523 276.523 125.3 276.523 276.523-125.3 276.523-276.523 276.523zM648.101 172.827c-129.62 0-233.316 103.696-233.316 233.316s103.696 233.316 233.316 233.316 233.316-103.696 233.316-233.316-108.017-233.316-233.316-233.316z",
					"M159.865 1024c-43.207 0-86.413-17.283-116.658-51.848-30.245-30.245-43.207-69.131-43.207-112.338s17.283-82.093 51.848-112.338l216.034-207.392 30.245 30.245-216.034 207.392c-25.924 25.924-38.886 56.169-38.886 86.413s8.641 60.489 30.245 82.093c25.924 25.924 60.489 38.886 95.055 34.565 25.924-4.321 51.848-12.962 69.131-30.245l224.675-211.713 30.245 30.245-224.675 211.713c-25.924 25.924-60.489 38.886-95.055 43.207-4.321-0-8.641-0-12.962-0z",
					"M144.715 714.596l170.745 177.493-31.139 29.955-170.745-177.493 31.139-29.955z"
				],
				"attrs": [
					{
						"fill": "rgb(255,255,255)",
						"opacity": 1
					},
					{
						"fill": "rgb(255,255,255)",
						"opacity": 1
					},
					{
						"fill": "rgb(255,255,255)",
						"opacity": 1
					},
					{
						"fill": "rgb(255,255,255)",
						"opacity": 1
					}
				],
				"isMulticolor": false,
				"width": 1054,
				"grid": 0,
				"tags": [
					"search-icon-02"
				],
				"colorPermutations": {
					"11312021223223223125022020912552552551511562131": [
						5,
						5,
						5,
						5
					]
				}
			},
			"attrs": [
				{
					"fill": "rgb(255,255,255)",
					"opacity": 1
				},
				{
					"fill": "rgb(255,255,255)",
					"opacity": 1
				},
				{
					"fill": "rgb(255,255,255)",
					"opacity": 1
				},
				{
					"fill": "rgb(255,255,255)",
					"opacity": 1
				}
			],
			"properties": {
				"order": 21,
				"id": 5,
				"prevSize": 32,
				"name": "search",
				"code": 58900
			},
			"setIdx": 0,
			"setId": 2,
			"iconIdx": 21
		},
		{
			"icon": {
				"paths": [
					"M552.96 1024h-81.92c-35.84 0-61.44-30.72-61.44-61.44v-81.92c-25.6-10.24-51.2-20.48-76.8-30.72l-56.32 56.32c-25.6 25.6-66.56 25.6-92.16 0l-61.44-61.44c-15.36-15.36-20.48-30.72-20.48-46.080s5.12-30.72 20.48-46.080l56.32-56.32c-15.36-25.6-25.6-51.2-30.72-76.8h-87.040c-35.84 0-61.44-30.72-61.44-61.44v-87.040c0-15.36 5.12-30.72 20.48-46.080 10.24-15.36 25.6-20.48 40.96-20.48h81.92c10.24-25.6 20.48-51.2 30.72-76.8l-56.32-56.32c-20.48-25.6-20.48-66.56 0-92.16l61.44-61.44c25.6-25.6 66.56-25.6 92.16 0l56.32 56.32c25.6-15.36 51.2-25.6 76.8-30.72v-81.92c0-30.72 30.72-61.44 66.56-61.44h87.040c35.84 0 61.44 30.72 61.44 61.44v81.92c25.6 10.24 51.2 20.48 76.8 30.72l56.32-56.32c25.6-25.6 66.56-25.6 92.16 0l61.44 61.44c10.24 15.36 15.36 30.72 15.36 46.080s-5.12 30.72-15.36 46.080l-56.32 56.32c15.36 25.6 25.6 51.2 30.72 76.8h81.92c35.84 0 61.44 30.72 61.44 61.44v87.040c0 15.36-5.12 30.72-20.48 46.080-10.24 10.24-30.72 20.48-46.080 20.48h-81.92c-10.24 25.6-20.48 51.2-30.72 76.8l56.32 56.32c25.6 25.6 25.6 66.56 0 92.16l-61.44 61.44c-25.6 25.6-66.56 25.6-92.16 0l-56.32-56.32c-25.6 15.36-51.2 25.6-76.8 30.72v81.92c5.12 30.72-25.6 61.44-61.44 61.44zM322.56 798.72c5.12 0 5.12 0 10.24 5.12 30.72 20.48 61.44 30.72 97.28 40.96 10.24 0 15.36 10.24 15.36 20.48v97.28c0 10.24 10.24 20.48 20.48 20.48h87.040c10.24 0 20.48-10.24 20.48-20.48v-97.28c0-10.24 5.12-20.48 15.36-20.48 35.84-10.24 66.56-20.48 97.28-40.96 10.24-5.12 20.48-5.12 25.6 5.12l66.56 66.56c10.24 10.24 20.48 10.24 30.72 0l61.44-61.44c10.24-10.24 10.24-20.48 0-30.72l-66.56-66.56c-5.12-5.12-10.24-15.36-5.12-25.6 20.48-30.72 30.72-61.44 40.96-97.28 0-10.24 10.24-15.36 20.48-15.36h97.28c5.12 0 10.24 0 15.36-5.12s5.12-10.24 5.12-15.36v-87.040c0-10.24-10.24-20.48-20.48-20.48h-97.28c-10.24 0-20.48-5.12-20.48-15.36-10.24-35.84-20.48-66.56-40.96-97.28-5.12-10.24-5.12-20.48 5.12-25.6l66.56-66.56c5.12-5.12 5.12-10.24 5.12-15.36s0-10.24-5.12-15.36l-61.44-61.44c-10.24-10.24-20.48-10.24-30.72 0l-61.44 66.56c-5.12 5.12-15.36 10.24-25.6 5.12-30.72-20.48-61.44-30.72-97.28-40.96-10.24 0-15.36-10.24-15.36-20.48v-102.4c0-10.24-10.24-20.48-20.48-20.48h-87.040c-15.36 0-25.6 10.24-25.6 20.48v97.28c0 10.24-5.12 20.48-15.36 20.48-30.72 10.24-66.56 25.6-97.28 40.96-5.12 5.12-15.36 5.12-25.6 0l-66.56-71.68c-10.24-10.24-20.48-10.24-30.72 0l-61.44 61.44c-10.24 10.24-10.24 20.48 0 30.72l71.68 66.56c5.12 5.12 10.24 15.36 5.12 25.6-20.48 30.72-35.84 66.56-46.080 97.28 0 10.24-10.24 15.36-20.48 15.36h-97.28c-5.12 5.12-10.24 5.12-10.24 10.24-5.12 0-10.24 10.24-10.24 15.36v87.040c0 10.24 10.24 20.48 20.48 20.48h97.28c10.24 0 20.48 5.12 20.48 15.36 10.24 35.84 20.48 66.56 40.96 97.28 5.12 10.24 5.12 20.48-5.12 25.6l-66.56 66.56c-5.12 5.12-5.12 10.24-5.12 15.36s0 10.24 5.12 15.36l61.44 61.44c10.24 10.24 20.48 10.24 30.72 0l66.56-71.68c5.12 0 10.24-5.12 15.36-5.12z",
					"M512 727.040c-117.76 0-215.040-97.28-215.040-215.040s97.28-215.040 215.040-215.040 215.040 97.28 215.040 215.040-97.28 215.040-215.040 215.040zM512 343.040c-92.16 0-168.96 76.8-168.96 168.96s76.8 168.96 168.96 168.96 168.96-76.8 168.96-168.96-76.8-168.96-168.96-168.96z"
				],
				"attrs": [
					{
						"fill": "rgb(0,131,202)",
						"opacity": 1
					},
					{
						"fill": "rgb(0,131,202)",
						"opacity": 1
					}
				],
				"isMulticolor": false,
				"grid": 0,
				"tags": [
					"settings"
				],
				"colorPermutations": {
					"11312021223223223125022020912552552551511562131": [
						1,
						1
					]
				}
			},
			"attrs": [
				{
					"fill": "rgb(0,131,202)",
					"opacity": 1
				},
				{
					"fill": "rgb(0,131,202)",
					"opacity": 1
				}
			],
			"properties": {
				"order": 20,
				"id": 4,
				"prevSize": 32,
				"name": "settings",
				"code": 58901
			},
			"setIdx": 0,
			"setId": 2,
			"iconIdx": 22
		},
		{
			"icon": {
				"paths": [
					"M1019.077-0h-935.385c0 0-4.923 0-4.923 0-9.846 0-19.692 9.846-19.692 19.692v59.077h-19.692c-24.615 0-39.385 14.769-39.385 34.462v137.846c0 19.692 14.769 39.385 39.385 39.385h19.692v393.846h-19.692c-19.692 0-39.385 14.769-39.385 39.385v137.846c0 19.692 14.769 39.385 39.385 39.385h19.692v14.769c0 0 0 4.923 0 4.923v34.462c0 9.846 4.923 14.769 14.769 14.769h940.308c9.846 0 14.769-4.923 14.769-14.769v-935.385c4.923-9.846 0-19.692-9.846-19.692v0zM39.385 256c-4.923 0-4.923-4.923-4.923-4.923v-137.846c0-4.923 4.923-4.923 4.923-4.923h19.692v147.692h-19.692zM39.385 866.462c-4.923 0-4.923-4.923-4.923-4.923v-137.846c0-4.923 4.923-4.923 4.923-4.923h19.692v147.692h-19.692zM999.385 940.308h-905.846v-19.692c0 0 0-4.923 0-4.923v-881.231h905.846l0 905.846zM999.385 940.308z",
					"M398.769 359.385c-29.538 34.462-49.231 78.769-49.231 128s19.692 93.538 49.231 128l-64 64c-4.923 4.923-4.923 19.692 0 24.615s9.846 4.923 14.769 4.923c4.923 0 9.846 0 14.769-4.923l59.077-64c34.462 29.538 78.769 44.308 123.077 44.308 49.231 0 88.615-14.769 123.077-44.308l64 64c4.923 4.923 9.846 4.923 14.769 4.923s9.846 0 14.769-4.923c4.923-4.923 4.923-19.692 0-24.615l-64-64c29.538-34.462 49.231-78.769 49.231-128s-19.692-93.538-44.308-128l59.077-64c4.923-4.923 4.923-19.692 0-24.615s-19.692-4.923-24.615 0l-64 64c-34.462-29.538-78.769-44.308-128-44.308s-93.538 14.769-123.077 44.308l-64-64c-4.923-4.923-19.692-4.923-24.615 0-9.846 4.923-9.846 14.769 0 24.615l64 64zM546.462 649.846c-39.385 0-73.846-14.769-98.462-34.462l54.154-54.154c14.769 9.846 29.538 14.769 44.308 14.769s29.538-4.923 44.308-9.846l54.154 54.154c-24.615 14.769-59.077 29.538-98.462 29.538v0zM497.231 487.385c0-9.846 0-14.769 4.923-19.692l19.692 19.692-19.692 19.692c0-4.923-4.923-14.769-4.923-19.692v0zM546.462 462.769l-19.692-19.692c4.923 0 9.846-4.923 19.692-4.923 4.923 0 14.769 0 19.692 4.923l-19.692 19.692zM566.154 531.692c-4.923 0-9.846 4.923-14.769 4.923s-14.769 0-19.692-4.923l14.769-14.769 19.692 14.769zM571.077 487.385l19.692-19.692c4.923 4.923 4.923 14.769 4.923 19.692 0 9.846 0 14.769-4.923 24.615l-19.692-24.615zM708.923 487.385c0 39.385-14.769 73.846-39.385 103.385l-54.154-54.154c9.846-14.769 14.769-29.538 14.769-49.231 0-14.769-4.923-34.462-14.769-44.308l54.154-54.154c24.615 24.615 39.385 59.077 39.385 98.462v0zM546.462 324.923c39.385 0 73.846 14.769 103.385 34.462l-54.154 54.154c-14.769-9.846-29.538-14.769-44.308-14.769s-29.538 4.923-44.308 14.769l-59.077-54.154c24.615-19.692 59.077-34.462 98.462-34.462v0zM477.538 438.154c-9.846 14.769-14.769 29.538-14.769 49.231s4.923 34.462 14.769 49.231l-54.154 54.154c-24.615-29.538-34.462-64-34.462-103.385s14.769-73.846 34.462-103.385l54.154 54.154zM477.538 438.154z",
					"M128 989.538h201.846v29.538h-201.846v-29.538z",
					"M782.769 989.538h201.846v29.538h-201.846v-29.538z"
				],
				"attrs": [
					{
						"fill": "rgb(255,255,255)",
						"opacity": 1
					},
					{
						"fill": "rgb(255,255,255)",
						"opacity": 1
					},
					{
						"fill": "rgb(255,255,255)",
						"opacity": 1
					},
					{
						"fill": "rgb(255,255,255)",
						"opacity": 1
					}
				],
				"isMulticolor": false,
				"width": 1034,
				"grid": 0,
				"tags": [
					"theft-protection"
				],
				"colorPermutations": {
					"11312021223223223125022020912552552551511562131": [
						5,
						5,
						5,
						5
					]
				}
			},
			"attrs": [
				{
					"fill": "rgb(255,255,255)",
					"opacity": 1
				},
				{
					"fill": "rgb(255,255,255)",
					"opacity": 1
				},
				{
					"fill": "rgb(255,255,255)",
					"opacity": 1
				},
				{
					"fill": "rgb(255,255,255)",
					"opacity": 1
				}
			],
			"properties": {
				"order": 19,
				"id": 3,
				"prevSize": 32,
				"name": "theft-protection",
				"code": 58902
			},
			"setIdx": 0,
			"setId": 2,
			"iconIdx": 23
		},
		{
			"icon": {
				"paths": [
					"M209.676 1024v0c-29.257 0-53.638-4.876-82.895-14.629-4.876-4.876-14.629-9.752-14.629-14.629 0-9.752 0-14.629 4.876-19.505l82.895-82.895v-68.267h-63.39l-82.895 82.895c-4.876 4.876-14.629 9.752-19.505 4.876-9.752 0-14.629-4.876-14.629-14.629-34.133-78.019-14.629-170.667 43.886-229.181 39.010-39.010 92.648-63.39 146.286-63.39 24.381 0 43.886 4.876 68.267 9.752l341.333-341.333c-24.381-73.143-4.876-156.038 48.762-214.552 39.010-39.010 92.648-63.39 146.286-63.39 29.257 0 53.638 4.876 82.895 14.629 4.876 4.876 14.629 9.752 14.629 14.629s0 14.629-4.876 19.505l-82.895 82.895v68.267h68.267l82.895-82.895c4.876-4.876 14.629-9.752 19.505-4.876 9.752 0 14.629 4.876 14.629 14.629 34.133 78.019 14.629 170.667-43.886 229.181-39.010 39.010-92.648 63.39-146.286 63.39-24.381 0-43.886-4.876-68.267-9.752l-341.333 341.333c24.381 73.143 4.876 156.038-48.762 214.552-43.886 43.886-97.524 63.39-151.162 63.39zM180.419 975.238c9.752 0 19.505 0 29.257 0 43.886 0 82.895-14.629 117.029-48.762 48.762-48.762 58.514-117.029 34.133-180.419-4.876-9.752 0-19.505 4.876-24.381l360.838-360.838c4.876-4.876 14.629-9.752 24.381-4.876 19.505 9.752 43.886 14.629 63.39 14.629 43.886 0 82.895-14.629 117.029-48.762 39.010-39.010 53.638-92.648 43.886-146.286l-63.39 68.267c-4.876 4.876-9.752 4.876-14.629 4.876h-97.524c-14.629 0-24.381-9.752-24.381-24.381v-97.524c0-4.876 4.876-9.752 4.876-14.629l63.39-63.39c-9.752 0-19.505 0-29.257 0-43.886 0-82.895 14.629-117.029 48.762-48.762 48.762-58.514 117.029-34.133 180.419 4.876 9.752 0 19.505-4.876 24.381l-360.838 360.838c-4.876 4.876-14.629 9.752-24.381 4.876-19.505-9.752-43.886-14.629-63.39-14.629-43.886 0-82.895 14.629-117.029 48.762-39.010 39.010-53.638 92.648-43.886 146.286l63.39-68.267c4.876-4.876 9.752-4.876 14.629-4.876h97.524c14.629 0 24.381 9.752 24.381 24.381v97.524c0 4.876-4.876 9.752-4.876 14.629l-63.39 63.39z",
					"M931.352 1024c-24.381 0-48.762-9.752-68.267-29.257l-214.552-214.552c-9.752-9.752-9.752-24.381 0-34.133l97.524-97.524c9.752-9.752 24.381-9.752 34.133 0l214.552 214.552c19.505 19.505 29.257 39.010 29.257 63.39s-9.752 48.762-29.257 68.267c-14.629 19.505-39.010 29.257-63.39 29.257zM702.171 765.562l195.048 195.048c19.505 19.505 48.762 19.505 63.39 0 9.752-9.752 14.629-19.505 14.629-34.133s-4.876-24.381-14.629-34.133l-195.048-195.048-63.39 68.267z",
					"M438.055 470.587l-265.492-265.492 34.48-34.48 265.492 265.492-34.48 34.48z",
					"M619.276 838.705c-4.876 0-9.752 0-14.629-4.876-9.752-9.752-9.752-24.381 0-34.133l195.048-195.048c9.752-9.752 24.381-9.752 34.133 0s9.752 24.381 0 34.133l-195.048 195.048c-9.752 4.876-14.629 4.876-19.505 4.876z",
					"M156.038 243.81c-4.876 0-14.629 0-19.505-4.876l-131.657-131.657c0-4.876-4.876-9.752-4.876-19.505s4.876-9.752 4.876-14.629l63.39-63.39c14.629-9.752 29.257-9.752 39.010-4.876l131.657 131.657c4.876 4.876 4.876 9.752 4.876 19.505s0 9.752-4.876 14.629l-68.267 68.267c-4.876 4.876-9.752 4.876-14.629 4.876zM58.514 87.771l97.524 97.524 34.133-34.133-97.524-97.524-34.133 34.133z",
					"M706.726 739.127l-172.398-172.398 34.48-34.48 172.398 172.398-34.48 34.48z"
				],
				"attrs": [
					{
						"fill": "rgb(255,255,255)",
						"opacity": 1
					},
					{
						"fill": "rgb(255,255,255)",
						"opacity": 1
					},
					{
						"fill": "rgb(255,255,255)",
						"opacity": 1
					},
					{
						"fill": "rgb(255,255,255)",
						"opacity": 1
					},
					{
						"fill": "rgb(255,255,255)",
						"opacity": 1
					},
					{
						"fill": "rgb(255,255,255)",
						"opacity": 1
					}
				],
				"isMulticolor": false,
				"grid": 0,
				"tags": [
					"tools"
				],
				"colorPermutations": {
					"11312021223223223125022020912552552551511562131": [
						5,
						5,
						5,
						5,
						5,
						5
					]
				}
			},
			"attrs": [
				{
					"fill": "rgb(255,255,255)",
					"opacity": 1
				},
				{
					"fill": "rgb(255,255,255)",
					"opacity": 1
				},
				{
					"fill": "rgb(255,255,255)",
					"opacity": 1
				},
				{
					"fill": "rgb(255,255,255)",
					"opacity": 1
				},
				{
					"fill": "rgb(255,255,255)",
					"opacity": 1
				},
				{
					"fill": "rgb(255,255,255)",
					"opacity": 1
				}
			],
			"properties": {
				"order": 18,
				"id": 2,
				"prevSize": 32,
				"name": "tools",
				"code": 58903
			},
			"setIdx": 0,
			"setId": 2,
			"iconIdx": 24
		},
		{
			"icon": {
				"paths": [
					"M1920 1024h-1920l952.889-1024 967.111 1024zM327.111 881.778h1265.778l-640-668.444-625.778 668.444z"
				],
				"attrs": [
					{
						"fill": "rgb(0,131,202)",
						"opacity": 1
					}
				],
				"isMulticolor": false,
				"width": 1920,
				"grid": 0,
				"tags": [
					"up-arrow"
				],
				"colorPermutations": {
					"11312021223223223125022020912552552551511562131": [
						1
					]
				}
			},
			"attrs": [
				{
					"fill": "rgb(0,131,202)",
					"opacity": 1
				}
			],
			"properties": {
				"order": 17,
				"id": 1,
				"prevSize": 32,
				"name": "up-arrow",
				"code": 58904
			},
			"setIdx": 0,
			"setId": 2,
			"iconIdx": 25
		},
		{
			"icon": {
				"paths": [
					"M44.522 445.217v-338.365l320.557-17.809v356.174h-320.557zM409.6 35.617l-409.6 26.713v427.409h409.6v-454.122z",
					"M498.643 436.313v-356.174l365.078-26.713v382.887h-365.078zM926.052 0l-471.93 35.617v454.122h471.93v-489.739z",
					"M44.522 917.148v-338.365h320.557v356.174l-320.557-17.809zM409.6 534.261h-409.6v427.409l409.6 26.713v-454.122z",
					"M498.643 952.765v-365.078h365.078v382.887l-365.078-17.809zM926.052 534.261h-471.93v454.122l471.93 35.617v-489.739z"
				],
				"attrs": [
					{
						"fill": "rgb(0,131,202)",
						"opacity": 1
					},
					{
						"fill": "rgb(0,131,202)",
						"opacity": 1
					},
					{
						"fill": "rgb(0,131,202)",
						"opacity": 1
					},
					{
						"fill": "rgb(0,131,202)",
						"opacity": 1
					}
				],
				"isMulticolor": false,
				"width": 926,
				"grid": 0,
				"tags": [
					"windows"
				],
				"colorPermutations": {
					"11312021223223223125022020912552552551511562131": [
						1,
						1,
						1,
						1
					]
				}
			},
			"attrs": [
				{
					"fill": "rgb(0,131,202)",
					"opacity": 1
				},
				{
					"fill": "rgb(0,131,202)",
					"opacity": 1
				},
				{
					"fill": "rgb(0,131,202)",
					"opacity": 1
				},
				{
					"fill": "rgb(0,131,202)",
					"opacity": 1
				}
			],
			"properties": {
				"order": 2,
				"id": 0,
				"prevSize": 32,
				"name": "windows",
				"code": 58905
			},
			"setIdx": 0,
			"setId": 2,
			"iconIdx": 26
		}
	],
	"height": 1024,
	"metadata": {
		"name": "indialinks",
		"designer": "Prajakta Sarfare"
	},
	"preferences": {
		"showGlyphs": true,
		"showQuickUse": true,
		"showQuickUse2": true,
		"showSVGs": true,
		"fontPref": {
			"prefix": "icon-",
			"metadata": {
				"fontFamily": "indialinks",
				"majorVersion": 1,
				"minorVersion": 0,
				"designer": "Prajakta Sarfare"
			},
			"metrics": {
				"emSize": 1024,
				"baseline": 6.25,
				"whitespace": 50
			},
			"embed": false,
			"ie7": true,
			"includeMetadata": true,
			"cssVars": true,
			"cssVarsFormat": "sass",
			"showSelector": false,
			"selector": "i",
			"showMetrics": false,
			"showMetadata": false,
			"showVersion": false
		},
		"imagePref": {
			"prefix": "icon-",
			"png": true,
			"useClassSelector": true,
			"color": 4473924,
			"bgColor": 16777215,
			"classSelector": ".icon"
		},
		"historySize": 100,
		"showCodes": false
	}
}